{"cameraMode":{"drawMode":0,"name":"Shaded","section":"Shading Mode"},"sceneLighting":false,"audioPlay":false,"sceneViewState":{"showFog":true,"showMaterialUpdate":true,"showSkybox":true,"showFlares":true,"showImageEffects":true,"showParticleSystems":true},"in2DMode":false,"pivot":{"x":2.002290964126587,"y":266.81829833984377,"z":-4.016071319580078},"rotation":{"x":0.12127704173326493,"y":-0.2132486253976822,"z":0.026687484234571458,"w":0.9690741300582886},"size":4.72749137878418,"orthographic":false}