{"cameraMode":{"drawMode":0,"name":"Shaded","section":"Shading Mode"},"sceneLighting":false,"audioPlay":false,"sceneViewState":{"showFog":true,"showMaterialUpdate":true,"showSkybox":false,"showFlares":true,"showImageEffects":true,"showParticleSystems":true},"in2DMode":false,"pivot":{"x":-2267.568359375,"y":266.81829833984377,"z":-801.034912109375},"rotation":{"x":0.10551293939352036,"y":0.5477593541145325,"z":-0.0698847696185112,"w":0.8270083665847778},"size":4.727358818054199,"orthographic":false}