{"cameraMode":{"drawMode":0,"name":"Shaded","section":"Shading Mode"},"sceneLighting":false,"audioPlay":false,"sceneViewState":{"showFog":true,"showMaterialUpdate":true,"showSkybox":true,"showFlares":true,"showImageEffects":true,"showParticleSystems":true},"in2DMode":false,"pivot":{"x":-2267.819580078125,"y":266.6254577636719,"z":-799.5881958007813},"rotation":{"x":0.12127704173326493,"y":-0.2132486253976822,"z":0.026687484234571458,"w":0.9690741300582886},"size":22.834609985351564,"orthographic":false}